Workflow,XLSX Tab,Test Case ID,Summary,Automatability,Dependency / Reason,Flow file (if implemented)
Install,Install,Setup 1,Download latest CommCare app,Automatable,"Handled by framework's APK-provisioning step, not a per-test flow",(handled by scripts/download_apk.py - no dedicated flow needed)
Install,Install,Install 1,Scan Barcode Install,Not automatable,Requires visiting HQ release page in a desktop browser and scanning a live on-screen barcode with the device camera,
Install,Install,Install 4,"Verifying ""See Apps for My User"" menu item",Automatable,,flows/install/install_04_see_apps_menu_item_visible.yaml
Install,Install,Install 5,Verifying mobile user login page fields,Automatable,,flows/install/install_05_mobile_user_login_page.yaml
Install,Install,Install 6,Verifying web user login page fields,Automatable,,flows/install/install_06_web_user_login_page.yaml
Install,Install,Install 7,Install app as mobile user,Partial,Needs a valid HQ mobile-worker username/domain/password (env vars); on-device flow itself is automatable,flows/install/install_07_install_as_mobile_user.yaml
Install,Install,Install 8,Install app as web user,Partial,Needs a valid HQ web-user email/password (env vars),flows/install/install_08_install_as_web_user.yaml
Update,Update,Set up,Ensure app workspace clean / make new version,Partial,HQ API: create new version if needed,hq_setup/update/setup_make_new_version.json
Update,Update,Install,Star + install latest build,Partial,"HQ API: mark build starred/released, then on-device install",hq_setup/update/install_mark_released.json
Update,Update,Make a change,Edit module/form name on HQ (arbitrary change),Not automatable,Ad-hoc HQ app-builder edit with no fixed target - inherently manual/exploratory,
Update,Update,Change update target,Enable dev options + set update target to Latest Saved State,Automatable,,flows/update/update_target_developer_options_flow.yaml
Update,Update,Update + Check for changes,Update App + verify change reflected,Automatable,,flows/update/update_target_developer_options_flow.yaml
Update,Update,Check for new build,Verify HQ auto-created a build with correct comment/timestamp,Not automatable,HQ release-page inspection in a browser,
Update,Update,Change update target back,Set target back to Latest Version,Automatable,,flows/update/update_target_developer_options_flow.yaml
Update,Update,Confirm that no update occurs if you try,Verify 'up to date' message,Automatable,,flows/update/update_target_developer_options_flow.yaml
Update,Update,Uninstall/Reinstall,Fresh Play Store install + old app version,Partial,"Needs a specific old app build provisioned + a real Play Store install BLOCKED: genuinely needs a real Play Store install, which this harness's sideloaded-APK BrowserStack approach cannot perform (App Automate installs the uploaded APK directly, bypassing the Play Store entirely) - no Maestro/harness path exists for this today.",
Update,Update,Interrupt update,Toggle airplane mode mid-download,Not automatable,Timing-critical manual airplane-mode toggle during a live download,
Update,Update,Reestablish connection,Wait ~10 minutes,Not automatable,Open-ended real-time wait,
Update,Update,Verify update,"Logout/login, confirm version",Automatable,,flows/update/update_target_developer_options_flow.yaml
Update,Update,Recheck button 1,"HQ trivial change + release, then airplane mode",Not automatable,HQ change + airplane-mode timing,
Update,Update,Recheck button 2,"Reconnect, press Recheck, verify update",Partial,"Needs a scripted network-disable/enable step (BrowserStack network condition, not physical airplane mode) BLOCKED: depends on 'Recheck button 1' (Not automatable - manual airplane-mode toggle) having already put the device in that state; this harness has no scripted network-condition toggle (BrowserStack may expose one, not wired into run_suite.py/browserstack_client.py today) - no Maestro/harness path exists for this yet.",
Mobile Pins,Mobile Pins,Setup 1,Install CommCare,Automatable,Framework setup step,(handled by scripts/download_apk.py - no dedicated flow needed)
Mobile Pins,Mobile Pins,Setup 2,Publish app to device via HQ,Partial,HQ API: publish/star latest build,(handled by hq_setup/mobile_pins/setup_02_install_application.json - no dedicated flow needed beyond common/login.yaml)
Mobile Pins,Mobile Pins,Setup 3,Enable Developer Options (tap About CommCare 4x),Automatable,,flows/mobile_pins/setup_03_enable_developer_options.yaml
Mobile Pins,Mobile Pins,Setup 4,Claim mobile privileges via barcode scan on HQ page,Partial,"Full claim (steps 4-10) is not automatable - the scanned QR encodes a plain signed JSON payload (not a URI, no deep link possible) and BrowserStack's camera-image-injection only works via a live Appium/XCUITest/Espresso WebDriver session, which Maestro has no hook to invoke. Rescoped 2026-08-08: flow verifies everything genuinely automatable instead - Developer Options unlock, reaching the Mobile Privileges/Claim Privileges screen, and confirming CLAIM PRIVILEGES actually opens the scanner (screen transition) - rather than asserting the never-appearing PIN-login toggle.",flows/mobile_pins/setup_04_claim_privileges_scanner_opens.yaml
Mobile Pins,Mobile Pins,Pin 1,Prompt shown on first login,Partial,"Same root-cause blocker as every mobile_pins Pin test - the ""Give option to use PIN for login"" dev preference can never appear without a real Mobile Privileges QR claim (see flows/common/enable_pin_login_option.yaml's own ""FINAL UPDATE"" for the full source citation), so this test's own subject matter (""Prompt shown on first login"") can never be reached. Rescoped 2026-08-09: flow verifies everything genuinely automatable instead - Developer Options unlock, reaching the Mobile Privileges/Claim Privileges screen, and confirming CLAIM PRIVILEGES actually opens the scanner (screen transition) - the same boundary Setup 4 already established.",flows/mobile_pins/pin_01_prompt_shown_on_first_login.yaml
Mobile Pins,Mobile Pins,Pin 2,Info tooltip toggle,Partial,"Same root-cause blocker as every mobile_pins Pin test - the ""Give option to use PIN for login"" dev preference can never appear without a real Mobile Privileges QR claim (see flows/common/enable_pin_login_option.yaml's own ""FINAL UPDATE"" for the full source citation), so this test's own subject matter (""Info tooltip toggle"") can never be reached. Rescoped 2026-08-09: flow verifies everything genuinely automatable instead - Developer Options unlock, reaching the Mobile Privileges/Claim Privileges screen, and confirming CLAIM PRIVILEGES actually opens the scanner (screen transition) - the same boundary Setup 4 already established.",flows/mobile_pins/pin_02_information_tooltip.yaml
Mobile Pins,Mobile Pins,Pin 3,"'No, and don't ask again'",Partial,"Same root-cause blocker as every mobile_pins Pin test - the ""Give option to use PIN for login"" dev preference can never appear without a real Mobile Privileges QR claim (see flows/common/enable_pin_login_option.yaml's own ""FINAL UPDATE"" for the full source citation), so this test's own subject matter (""'No, and don't ask again'"") can never be reached. Rescoped 2026-08-09: flow verifies everything genuinely automatable instead - Developer Options unlock, reaching the Mobile Privileges/Claim Privileges screen, and confirming CLAIM PRIVILEGES actually opens the scanner (screen transition) - the same boundary Setup 4 already established.",flows/mobile_pins/pin_03_no_dont_ask_again.yaml
Mobile Pins,Mobile Pins,Pin 4,Set My Pin (menu path),Partial,"Same root-cause blocker as every mobile_pins Pin test - the ""Give option to use PIN for login"" dev preference can never appear without a real Mobile Privileges QR claim (see flows/common/enable_pin_login_option.yaml's own ""FINAL UPDATE"" for the full source citation), so this test's own subject matter (""Set My Pin (menu path)"") can never be reached. Rescoped 2026-08-09: flow verifies everything genuinely automatable instead - Developer Options unlock, reaching the Mobile Privileges/Claim Privileges screen, and confirming CLAIM PRIVILEGES actually opens the scanner (screen transition) - the same boundary Setup 4 already established.",flows/mobile_pins/pin_04_set_my_pin.yaml
Mobile Pins,Mobile Pins,Setup 5,Uninstall app via App Manager,Automatable,Can be done via adb uninstall instead of on-screen navigation,flows/mobile_pins/setup_05_uninstall_app.yaml
Mobile Pins,Mobile Pins,Setup 6,Reinstall app (repeat Setup 2-4),Partial,Same HQ + barcode dependency as Setup 2/4,(handled by hq_setup/mobile_pins/setup_06_reinstall_application.json - no dedicated flow needed beyond flows/mobile_pins/setup_05_uninstall_app.yaml)
Mobile Pins,Mobile Pins,Pin 1,Prompt shown again after reinstall,Partial,"Same root-cause blocker as every mobile_pins Pin test - the ""Give option to use PIN for login"" dev preference can never appear without a real Mobile Privileges QR claim (see flows/common/enable_pin_login_option.yaml's own ""FINAL UPDATE"" for the full source citation), so this test's own subject matter (""Prompt shown again after reinstall"") can never be reached. Rescoped 2026-08-09: flow verifies everything genuinely automatable instead - Developer Options unlock, reaching the Mobile Privileges/Claim Privileges screen, and confirming CLAIM PRIVILEGES actually opens the scanner (screen transition) - the same boundary Setup 4 already established.",flows/mobile_pins/pin_01_prompt_shown_on_first_login.yaml
Mobile Pins,Mobile Pins,Pin 6,"'No, but ask again later'",Partial,"Same root-cause blocker as every mobile_pins Pin test - the ""Give option to use PIN for login"" dev preference can never appear without a real Mobile Privileges QR claim (see flows/common/enable_pin_login_option.yaml's own ""FINAL UPDATE"" for the full source citation), so this test's own subject matter (""'No, but ask again later'"") can never be reached. Rescoped 2026-08-09: flow verifies everything genuinely automatable instead - Developer Options unlock, reaching the Mobile Privileges/Claim Privileges screen, and confirming CLAIM PRIVILEGES actually opens the scanner (screen transition) - the same boundary Setup 4 already established.",flows/mobile_pins/pin_06_no_but_ask_again_later.yaml
Mobile Pins,Mobile Pins,Pin 7,Setup PIN via prompt,Partial,"Same root-cause blocker as every mobile_pins Pin test - the ""Give option to use PIN for login"" dev preference can never appear without a real Mobile Privileges QR claim (see flows/common/enable_pin_login_option.yaml's own ""FINAL UPDATE"" for the full source citation), so this test's own subject matter (""Setup PIN via prompt"") can never be reached. Rescoped 2026-08-09: flow verifies everything genuinely automatable instead - Developer Options unlock, reaching the Mobile Privileges/Claim Privileges screen, and confirming CLAIM PRIVILEGES actually opens the scanner (screen transition) - the same boundary Setup 4 already established.",flows/mobile_pins/pin_07_setup_pin.yaml
Mobile Pins,Mobile Pins,Pin 8,Login using PIN,Partial,"Same root-cause blocker as every mobile_pins Pin test - the ""Give option to use PIN for login"" dev preference can never appear without a real Mobile Privileges QR claim (see flows/common/enable_pin_login_option.yaml's own ""FINAL UPDATE"" for the full source citation), so this test's own subject matter (""Login using PIN"") can never be reached. Rescoped 2026-08-09: flow verifies everything genuinely automatable instead - Developer Options unlock, reaching the Mobile Privileges/Claim Privileges screen, and confirming CLAIM PRIVILEGES actually opens the scanner (screen transition) - the same boundary Setup 4 already established.",flows/mobile_pins/pin_08_login_using_pin.yaml
Mobile Pins,Mobile Pins,Pin 9,Change PIN via options menu,Partial,"Same root-cause blocker as every mobile_pins Pin test - the ""Give option to use PIN for login"" dev preference can never appear without a real Mobile Privileges QR claim (see flows/common/enable_pin_login_option.yaml's own ""FINAL UPDATE"" for the full source citation), so this test's own subject matter (""Change PIN via options menu"") can never be reached. Rescoped 2026-08-09: flow verifies everything genuinely automatable instead - Developer Options unlock, reaching the Mobile Privileges/Claim Privileges screen, and confirming CLAIM PRIVILEGES actually opens the scanner (screen transition) - the same boundary Setup 4 already established.",flows/mobile_pins/pin_09_change_pin_menu.yaml
Mobile Pins,Mobile Pins,Pin 10,Login using changed PIN,Partial,"Same root-cause blocker as every mobile_pins Pin test - the ""Give option to use PIN for login"" dev preference can never appear without a real Mobile Privileges QR claim (see flows/common/enable_pin_login_option.yaml's own ""FINAL UPDATE"" for the full source citation), so this test's own subject matter (""Login using changed PIN"") can never be reached. Rescoped 2026-08-09: flow verifies everything genuinely automatable instead - Developer Options unlock, reaching the Mobile Privileges/Claim Privileges screen, and confirming CLAIM PRIVILEGES actually opens the scanner (screen transition) - the same boundary Setup 4 already established.",flows/mobile_pins/pin_10_login_using_changed_pin.yaml
Mobile Pins,Mobile Pins,Pin 11,Forgot PIN reverts to password,Partial,"Same root-cause blocker as every mobile_pins Pin test - the ""Give option to use PIN for login"" dev preference can never appear without a real Mobile Privileges QR claim (see flows/common/enable_pin_login_option.yaml's own ""FINAL UPDATE"" for the full source citation), so this test's own subject matter (""Forgot PIN reverts to password"") can never be reached. Rescoped 2026-08-09: flow verifies everything genuinely automatable instead - Developer Options unlock, reaching the Mobile Privileges/Claim Privileges screen, and confirming CLAIM PRIVILEGES actually opens the scanner (screen transition) - the same boundary Setup 4 already established.",flows/mobile_pins/pin_11_forgot_pin.yaml
Mobile Pins,Mobile Pins,Pin 12,Reset PIN,Partial,"Same root-cause blocker as every mobile_pins Pin test - the ""Give option to use PIN for login"" dev preference can never appear without a real Mobile Privileges QR claim (see flows/common/enable_pin_login_option.yaml's own ""FINAL UPDATE"" for the full source citation), so this test's own subject matter (""Reset PIN"") can never be reached. Rescoped 2026-08-09: flow verifies everything genuinely automatable instead - Developer Options unlock, reaching the Mobile Privileges/Claim Privileges screen, and confirming CLAIM PRIVILEGES actually opens the scanner (screen transition) - the same boundary Setup 4 already established.",flows/mobile_pins/pin_12_reset_pin.yaml
Mobile Pins,Mobile Pins,Pin 13,Login using reset PIN,Partial,"Same root-cause blocker as every mobile_pins Pin test - the ""Give option to use PIN for login"" dev preference can never appear without a real Mobile Privileges QR claim (see flows/common/enable_pin_login_option.yaml's own ""FINAL UPDATE"" for the full source citation), so this test's own subject matter (""Login using reset PIN"") can never be reached. Rescoped 2026-08-09: flow verifies everything genuinely automatable instead - Developer Options unlock, reaching the Mobile Privileges/Claim Privileges screen, and confirming CLAIM PRIVILEGES actually opens the scanner (screen transition) - the same boundary Setup 4 already established.",flows/mobile_pins/pin_13_login_using_reset_pin.yaml
Mobile Pins,Mobile Pins,Pin 14,Reset PIN prompt persists after decline,Partial,"Same root-cause blocker as every mobile_pins Pin test - the ""Give option to use PIN for login"" dev preference can never appear without a real Mobile Privileges QR claim (see flows/common/enable_pin_login_option.yaml's own ""FINAL UPDATE"" for the full source citation), so this test's own subject matter (""Reset PIN prompt persists after decline"") can never be reached. Rescoped 2026-08-09: flow verifies everything genuinely automatable instead - Developer Options unlock, reaching the Mobile Privileges/Claim Privileges screen, and confirming CLAIM PRIVILEGES actually opens the scanner (screen transition) - the same boundary Setup 4 already established.",flows/mobile_pins/pin_14_reset_pin_persists_after_decline.yaml
Mobile Pins,Mobile Pins,Mutiple App PIN,Install two CCZ apps + enable PIN,Partial,HQ API: publish for two apps,"(handled by hq_setup/mobile_pins/mutiple_app_pin_install_apps.json - no dedicated flow needed beyond Setup 4's manual barcode-claim, run once per app)"
Mobile Pins,Mobile Pins,Mutiple App PIN,Per-app PIN isolation after uninstalling one app,Partial,"Same root-cause blocker as every mobile_pins Pin test - the ""Give option to use PIN for login"" dev preference can never appear without a real Mobile Privileges QR claim (see flows/common/enable_pin_login_option.yaml's own ""FINAL UPDATE"" for the full source citation), so this test's own subject matter (""Per-app PIN isolation after uninstalling one app"") can never be reached. Rescoped 2026-08-09: flow verifies everything genuinely automatable instead - Developer Options unlock, reaching the Mobile Privileges/Claim Privileges screen, and confirming CLAIM PRIVILEGES actually opens the scanner (screen transition) - the same boundary Setup 4 already established.",flows/mobile_pins/multiple_app_pin_per_app_isolation.yaml
Multimedia,Multimedia,MM1,Install w/o multimedia + manual zip transfer + install via Options menu,Not automatable,Requires downloading a zip from HQ and moving it onto the device SD card from a PC,
Multimedia,Multimedia,MM2,Verification Fail after moving a media file out via file manager,Not automatable,Needs device file-manager relocation of an app-internal media file (adb-level access on modern Android),
Multimedia,Multimedia,MM3,Verification Success after moving file back,Not automatable,Same dependency as MM2,
Multimedia,Multimedia,MM4,Question Image/Audio/Select Choice navigation + submit,Partial,Navigation/tap/checkbox steps automatable; 'audio plays correctly' is a human judgment call and is skipped,flows/multimedia/mm4_question_types.yaml
Multimedia,Multimedia,MM5,Verification Failure from Advanced > Validate Media menu,Not automatable,Same file-relocation dependency as MM2,
Multimedia,Multimedia,MM6,Retry after restoring file,Not automatable,Same dependency as MM5,
Multimedia,Multimedia,Icons,View module/form icons + audio,Partial,Icon-visible assertions automatable; audio-plays judgment skipped,flows/multimedia/icons_module_form_icons.yaml
Multimedia,Multimedia,Image Resize 1,View Large/Small/Wide/Tall image form,Partial,Navigation automatable; 'not distorted' is a visual-regression check outside Maestro's built-in assertions,flows/multimedia/image_resize_01_04_default_setting.yaml
Multimedia,Multimedia,Image Resize 2,View Large/Small/Wide/Tall image form,Partial,Navigation automatable; 'not distorted' is a visual-regression check outside Maestro's built-in assertions,flows/multimedia/image_resize_01_04_default_setting.yaml
Multimedia,Multimedia,Image Resize 3,View Large/Small/Wide/Tall image form,Partial,Navigation automatable; 'not distorted' is a visual-regression check outside Maestro's built-in assertions,flows/multimedia/image_resize_01_04_default_setting.yaml
Multimedia,Multimedia,Image Resize 4,View Large/Small/Wide/Tall image form,Partial,Navigation automatable; 'not distorted' is a visual-regression check outside Maestro's built-in assertions,flows/multimedia/image_resize_01_04_default_setting.yaml
Multimedia,Multimedia,Image Resize 5,Change Auto-Resize Images setting on HQ ('Full Resize') + new build,Not automatable,HQ app-builder Advanced Settings edit,hq_setup/multimedia/image_resize_full_resize.json
Multimedia,Multimedia,Image Resize 6,Repeat of Image Resize 1-4 after resize setting change,Partial,Same as Image Resize 1-4,flows/multimedia/image_resize_06_09_full_resize.yaml
Multimedia,Multimedia,Image Resize 7,Repeat of Image Resize 1-4 after resize setting change,Partial,Same as Image Resize 1-4,flows/multimedia/image_resize_06_09_full_resize.yaml
Multimedia,Multimedia,Image Resize 8,Repeat of Image Resize 1-4 after resize setting change,Partial,Same as Image Resize 1-4,flows/multimedia/image_resize_06_09_full_resize.yaml
Multimedia,Multimedia,Image Resize 9,Repeat of Image Resize 1-4 after resize setting change,Partial,Same as Image Resize 1-4,flows/multimedia/image_resize_06_09_full_resize.yaml
Multimedia,Multimedia,Image Resize 10,Change Auto-Resize Images to 'Horizontal Resize' + new build,Not automatable,HQ app-builder Advanced Settings edit,hq_setup/multimedia/image_resize_horizontal_resize.json
Multimedia,Multimedia,Image Resize 11,Repeat with rotation check,Partial,Same as Image Resize 1-4,flows/multimedia/image_resize_11_14_horizontal_resize.yaml
Multimedia,Multimedia,Image Resize 12,Repeat with rotation check,Partial,Same as Image Resize 1-4,flows/multimedia/image_resize_11_14_horizontal_resize.yaml
Multimedia,Multimedia,Image Resize 13,Repeat with rotation check,Partial,Same as Image Resize 1-4,flows/multimedia/image_resize_11_14_horizontal_resize.yaml
Multimedia,Multimedia,Image Resize 14,Repeat with rotation check,Partial,Same as Image Resize 1-4,flows/multimedia/image_resize_11_14_horizontal_resize.yaml
Multimedia,Multimedia,Image Resize 15,Change Auto-Resize Images to 'Half Resize' + new build,Not automatable,HQ app-builder Advanced Settings edit,hq_setup/multimedia/image_resize_half_resize.json
Multimedia,Multimedia,Image Resize 16,Repeat,Partial,Same as Image Resize 1-4,flows/multimedia/image_resize_16_19_half_resize.yaml
Multimedia,Multimedia,Image Resize 17,Repeat,Partial,Same as Image Resize 1-4,flows/multimedia/image_resize_16_19_half_resize.yaml
Multimedia,Multimedia,Image Resize 18,Repeat,Partial,Same as Image Resize 1-4,flows/multimedia/image_resize_16_19_half_resize.yaml
Multimedia,Multimedia,Image Resize 19,Repeat,Partial,Same as Image Resize 1-4,flows/multimedia/image_resize_16_19_half_resize.yaml
Multimedia,Multimedia,Image Resize 20,Restore Auto-Resize Images to 'None' + new build,Not automatable,HQ app-builder Advanced Settings edit,hq_setup/multimedia/image_resize_none_resize.json
Multimedia,Multimedia,Image Resize 21,Repeat,Partial,Same as Image Resize 1-4,flows/multimedia/image_resize_21_24_none_resize.yaml
Multimedia,Multimedia,Image Resize 22,Repeat,Partial,Same as Image Resize 1-4,flows/multimedia/image_resize_21_24_none_resize.yaml
Multimedia,Multimedia,Image Resize 23,Repeat,Partial,Same as Image Resize 1-4,flows/multimedia/image_resize_21_24_none_resize.yaml
Multimedia,Multimedia,Image Resize 24,Repeat,Partial,Same as Image Resize 1-4,flows/multimedia/image_resize_21_24_none_resize.yaml
Multimedia,Multimedia,Image Resize 25,Photo taken per question + submit,Partial,Camera capture is flaky/unsupported on most cloud emulators; feasible only if the BrowserStack device supports an injected camera image,flows/multimedia/image_resize_25_photo_taken.yaml
Multimedia,Multimedia,Image Resize 26,Photo chosen (from gallery) per question + submit,Automatable,Use Maestro addMedia to push a known image into the device gallery first,flows/multimedia/image_resize_26_photo_chosen.yaml
Multimedia,Multimedia,Image Resize 27,HQ Submit History attachment size/type verification,Not automatable,HQ report browser inspection,
Multimedia,Multimedia,Image Resize 28,HQ Submit History attachment size/type verification,Not automatable,HQ report browser inspection,
Multimedia,Multimedia,Video Types,Standard vs inline video playback,Not automatable,Playback-correctness is a human judgment call,
Multimedia,Multimedia,Gif,Gif renders in first question,Partial,Element-visible assertion automatable; 'is it actually animating' judgment skipped,flows/multimedia/gif_can_add_gif.yaml
Multimedia,Multimedia,Photo 1,Remove taken photo,Partial,Same camera-capture caveat as Image Resize 25,flows/multimedia/photo_01_can_remove_taken_photo.yaml
Multimedia,Multimedia,Photo 2,Remove chosen photo,Automatable,addMedia + remove-button flow,flows/multimedia/photo_02_can_remove_chosen_photo.yaml
Multimedia,Multimedia,Photo Verification,HQ Submit History - fields left blank,Not automatable,HQ report browser inspection,
Multimedia,Multimedia,Image Compatibility,Low/high density setting across two different physical device tiers,Not automatable,Requires an actual low-end and a high-end physical device plus an HQ setting change,
Multimedia,Multimedia,Logo 1,Dimagi logo visible on login screen,Automatable,,flows/multimedia/logo_01_login_logo.yaml
Multimedia,Multimedia,Logo 2,Dimagi logo visible on home screen,Automatable,,flows/multimedia/logo_02_home_screen_logo.yaml
Multimedia,Multimedia,Logo 3,Dimagi logo visible in demo mode,Automatable,,flows/multimedia/logo_03_demo_logo.yaml
Multimedia,Multimedia,Media 1,Open captured media using a chosen external app,Not automatable,Depends on Android's app-chooser dialog and whatever third-party apps happen to be preinstalled on the farm image,
Multimedia,Multimedia,Media 2,Media capture/select + custom-property check + sync,Partial,On-device capture/sync automatable with addMedia; the 'no custom properties present' check is an HQ inspection step,flows/multimedia/media_02_capture_and_select.yaml
Multimedia,Multimedia,Media 3,Verify .aes encryption extension via device file manager,Not automatable,App-private storage path isn't reachable from a standard file manager on modern Android - needs adb shell,
Multimedia,Multimedia,Media 4,HQ Submit History attachment-name verification,Not automatable,HQ report browser inspection,
Multimedia,Multimedia,Filesize 1,Trigger oversized-file warning,Partial,Needs a >15MB test file pushed via addMedia; BLOCKED: needs flows/multimedia/assets/oversized_test_video.mp4,flows/multimedia/filesize_01_trigger_warning.yaml
Multimedia,Multimedia,Filesize 2,"Upload named large-but-allowed files, verify no warning",Partial,Needs specific named media files provisioned + addMedia; BLOCKED: needs named 6mb/8mb test assets under flows/multimedia/assets/,flows/multimedia/filesize_02_no_warning.yaml
Multimedia,Multimedia,Filesize Warning 1,"Record a ~1 min video, expect size-limit error",Not automatable,Real camera video recording on a device farm is slow/unreliable,
Multimedia,Multimedia,Filesize Warning 2,"Select the same oversized video, expect error",Partial,Automatable if the oversized video can be pushed via addMedia; BLOCKED: needs flows/multimedia/assets/oversized_test_video.mp4,flows/multimedia/filesize_warning_02_select_large_video.yaml
Multimedia,Multimedia,External File in Forms,Open a locally-placed mp4 via in-form hyperlink,Partial,Needs the video file pushed to a specific non-sandboxed device path first; BLOCKED: run_suite.py has no adb-push pre-step hook yet,flows/multimedia/external_file_in_forms.yaml
Multimedia,Multimedia,Lazy Video 1,Install low-media build then release the lazy-video build,Partial,HQ API: mark build released,hq_setup/multimedia/lazy_video_release.json
Multimedia,Multimedia,Lazy Video 2,'Missing video' popup shown per question,Automatable,,flows/multimedia/lazy_video_02_file_missing_popup.yaml
Multimedia,Multimedia,Lazy Video 3,Download + play lazily-loaded video,Partial,Depends on a real background download completing within the test's timeout,flows/multimedia/lazy_video_03_download_and_play.yaml
Multimedia,Multimedia,Lazy Video 4,Videos still play after relogin,Automatable,,flows/multimedia/lazy_video_04_relogin_videos_play.yaml
Multimedia,Multimedia,Lazy Video 5,'Media not found' message for unreferenced videos,Automatable,,flows/multimedia/lazy_video_05_no_references_media_not_found.yaml
Multimedia,Multimedia,Capture 1,Gather signature (draw + save),Automatable,Maestro swipe/drag gestures can draw a signature,flows/multimedia/capture_01_gather_signature.yaml
Multimedia,Multimedia,Capture 2,Signature reset + redraw,Automatable,,flows/multimedia/capture_02_signature_reset.yaml
Multimedia,Multimedia,Capture 3,Take picture for image question,Partial,Camera-capture caveat,flows/multimedia/capture_03_04_take_and_remove_photo.yaml
Multimedia,Multimedia,Capture 4,Remove + retake image,Partial,Camera-capture caveat,flows/multimedia/capture_03_04_take_and_remove_photo.yaml
Multimedia,Multimedia,Capture 5,Record + play video,Not automatable,Real camera recording + playback-correctness judgment,
Multimedia,Multimedia,Capture 6,Record + play audio,Not automatable,Audio-quality judgment,
Multimedia,Multimedia,Capture 7,Pause/resume while recording audio,Not automatable,Same as Capture 6,
Multimedia,Multimedia,Capture 8,HQ Submit History multimedia integrity check,Not automatable,HQ report browser inspection,
Prompted Updates,Prompted Updates,Setup 1,Confirm CommCare Version build setting,Not automatable,Read-only HQ Advanced Settings inspection - no state to script,
Prompted Updates,Prompted Updates,Setup 2,Mark latest build In Test + install prior released build + login,Partial,HQ API: set build status,hq_setup/prompted_updates/setup_02_mark_in_test.json
Prompted Updates,Prompted Updates,Setup 3,Set Prompt Updates to CommCare/App = On,Partial,HQ API: update-settings toggle,hq_setup/prompted_updates/setup_03_prompts_on.json
Prompted Updates,Prompted Updates,Prompted Update Scenario 1,Optional CCZ update end-to-end,Partial,HQ API: mark latest build Released; rest is on-device,hq_setup/prompted_updates/scenario_01_mark_released.json; flows/prompted_updates/scenario_01_optional_ccz_update.yaml
Prompted Updates,Prompted Updates,Prompted Update Scenario 2,Forced CCZ update blocker screen,Partial,HQ API: set Forced + mark Released,hq_setup/prompted_updates/scenario_02_forced.json; flows/prompted_updates/scenario_02_forced_ccz_update.yaml
Prompted Updates,Prompted Updates,Prompted Update Scenario 3,No prompt for an un-starred build,Partial,HQ API: create a new unreleased build,hq_setup/prompted_updates/scenario_03_unreleased_build.json; flows/prompted_updates/scenario_03_unstarred_build_no_prompt.yaml
Prompted Updates,Prompted Updates,Prompted Update Scenario 4 (NOTE: The earliest version for which this test can be performed is CommCare 2.40. Skip it for earlier versions),APK update via Play Store using a 2-versions-back APK,Not automatable,Needs a specific historical APK sideloaded + a real Play Store update chain,
Prompted Updates,Prompted Updates,Setup 1,Set custom keys + release build 3.4.1,Partial,HQ API: set custom properties + create/release build,hq_setup/prompted_updates/varying_prompt_setup.json (covers both Setup 1 and Setup 2 of this Varying-Prompt sub-section in one call)
Prompted Updates,Prompted Updates,Setup 2,Update custom keys + release build 3.4.2,Partial,Same as above,hq_setup/prompted_updates/varying_prompt_setup.json (covers both Setup 1 and Setup 2 of this Varying-Prompt sub-section in one call)
Prompted Updates,Prompted Updates,Varying Prompt 1,Update frequency end-to-end,Automatable,,flows/prompted_updates/varying_prompt_01_update_frequency.yaml
Prompted Updates,Prompted Updates,Varying Prompt 3,3 login/logout cycles as test2 - views-before-reducing-frequency,Automatable,,flows/prompted_updates/varying_prompt_03_views_before_reducing_frequency.yaml
Prompted Updates,Prompted Updates,Varying Prompt 4,4th-login reduced-frequency prompt,Automatable,,flows/prompted_updates/varying_prompt_04_reduced_show_frequency.yaml
Prompted Updates,Prompted Updates,Varying Prompt 5,Forced update completion,Automatable,,flows/prompted_updates/varying_prompt_05_forced_update_completion.yaml
ExternalApp Tests,ExternalApp Tests,Setup 1,Install companion Mobile API Testing App from Jenkins,Partial,Needs the companion APK downloaded from Jenkins and installed alongside CommCare,(out-of-band provisioning - fetching the APK from an internal Jenkins job is not a Maestro flow; see flows/externalapp_tests/README.md for how the resulting APK is consumed via `run_suite.py --other-app`)
ExternalApp Tests,ExternalApp Tests,Setup 2,Install CommCare under test,Automatable,"Covered by run_suite.py's own APK upload/install (every BrowserStack session installs the given --apk fresh) - not a Maestro flow, nothing to add here.",(handled by scripts/run_suite.py's --apk upload/install step - no dedicated flow needed)
ExternalApp Tests,ExternalApp Tests,Setup 3,Deploy fixture test app + login + background CommCare,Partial,HQ API: publish app (see hq_setup/externalapp_tests/setup_03_deploy_fixture_app.json),hq_setup/externalapp_tests/setup_03_deploy_fixture_app.json; flows/externalapp_tests/setup_03_login_and_background.yaml
ExternalApp Tests,ExternalApp Tests,External App 1,"Launch companion app, verify button set",Partial,"Spike confirmed (BrowserStack otherApps) - companion app appId/button text are UNVERIFIED placeholders, see flows/externalapp_tests/README.md",flows/externalapp_tests/external_app_01_launch_and_verify_buttons.yaml
ExternalApp Tests,ExternalApp Tests,External App 2,Start CommCare from companion app + submit form,Partial,"Spike confirmed (BrowserStack otherApps) - companion app appId UNVERIFIED, see flows/externalapp_tests/README.md",flows/externalapp_tests/external_app_02_start_commcare_submit_form.yaml
ExternalApp Tests,ExternalApp Tests,External App 3,View Case Data in companion app,Partial,"Spike confirmed (BrowserStack otherApps) - companion app appId/case-row selectors UNVERIFIED, see flows/externalapp_tests/README.md",flows/externalapp_tests/external_app_03_view_case_data.yaml
ExternalApp Tests,ExternalApp Tests,External App 4,Long-press case -> launch update form in CommCare,Partial,"Spike confirmed (BrowserStack otherApps) - companion app appId/case-row selectors UNVERIFIED, see flows/externalapp_tests/README.md",flows/externalapp_tests/external_app_04_launch_update_form.yaml
ExternalApp Tests,ExternalApp Tests,External App 5,View Fixture Data,Partial,"Spike confirmed (BrowserStack otherApps) - companion app appId/fixture selectors UNVERIFIED, see flows/externalapp_tests/README.md",flows/externalapp_tests/external_app_05_view_fixture_data.yaml
ExternalApp Tests,ExternalApp Tests,External App 6,Acquire CommCare Key + OS permission dialog + sync,Not automatable,Combines the cross-app flow with an OS permission dialog that behaves inconsistently across device-farm Android versions,
Right to Left Text,Right to Left Text,Setup 1,Uninstall + install latest build + deploy RTL app,Partial,HQ API: publish app,(handled by hq_setup/right_to_left_text/setup_01_publish_rtl_app.json - no dedicated flow needed beyond Setup 4-style manual barcode-claim)
Right to Left Text,Right to Left Text,Setup 2,Change device system language to Arabic,Partial,Scriptable via adb (settings put system system_locales ar) instead of manual navigation,flows/right_to_left_text/setup_02_change_device_language_to_arabic.yaml
Right to Left Text,Right to Left Text,Setup 3,Change in-app language to Arabic,Automatable,,flows/right_to_left_text/setup_03_change_language_to_arabic.yaml
Right to Left Text,Right to Left Text,Login 1,Header RTL alignment,Not automatable,Visual layout/mirroring judgment,
Right to Left Text,Right to Left Text,Login 2,Body RTL alignment,Not automatable,Visual layout/mirroring judgment,
Right to Left Text,Right to Left Text,Login 3,Typed-text RTL population,Not automatable,Visual layout/mirroring judgment,
Right to Left Text,Right to Left Text,Home Screen 1,RTL alignment/mirroring/animation check,Not automatable,Visual layout/mirroring/animation-direction judgment,
Right to Left Text,Right to Left Text,Home Screen 2,RTL alignment/mirroring/animation check,Not automatable,Visual layout/mirroring/animation-direction judgment,
Right to Left Text,Right to Left Text,Home Screen 3,RTL alignment/mirroring/animation check,Not automatable,Visual layout/mirroring/animation-direction judgment,
Right to Left Text,Right to Left Text,Home Screen 4,RTL alignment/mirroring/animation check,Not automatable,Visual layout/mirroring/animation-direction judgment,
Right to Left Text,Right to Left Text,Home Screen 5,RTL alignment/mirroring/animation check,Not automatable,Visual layout/mirroring/animation-direction judgment,
Right to Left Text,Right to Left Text,Home Screen 6,RTL alignment/mirroring/animation check,Not automatable,Visual layout/mirroring/animation-direction judgment,
Right to Left Text,Right to Left Text,Home Screen 7,RTL alignment/mirroring/animation check,Not automatable,Visual layout/mirroring/animation-direction judgment,
Right to Left Text,Right to Left Text,Home Screen 8,RTL alignment/mirroring/animation check,Not automatable,Visual layout/mirroring/animation-direction judgment,
Right to Left Text,Right to Left Text,Question Types 1,Form/menu list RTL alignment,Not automatable,Visual layout judgment,
Right to Left Text,Right to Left Text,Question Types 2,Open first form (pure navigation),Automatable,,flows/right_to_left_text/question_types_02_open_first_form.yaml
Right to Left Text,Right to Left Text,Question Types 3,Swipe direction/progress bar/whitespace/position RTL check,Not automatable,Visual/gesture-direction judgment,
Right to Left Text,Right to Left Text,Question Types 4,Swipe direction/progress bar/whitespace/position RTL check,Not automatable,Visual/gesture-direction judgment,
Right to Left Text,Right to Left Text,Question Types 5,Swipe direction/progress bar/whitespace/position RTL check,Not automatable,Visual/gesture-direction judgment,
Right to Left Text,Right to Left Text,Question Types 6,Swipe direction/progress bar/whitespace/position RTL check,Not automatable,Visual/gesture-direction judgment,
Right to Left Text,Right to Left Text,Question Types 7,Swipe direction/progress bar/whitespace/position RTL check,Not automatable,Visual/gesture-direction judgment,
Right to Left Text,Right to Left Text,Case list 1,Load case list (pure navigation),Automatable,,flows/right_to_left_text/case_list_01_load_case_list.yaml
Right to Left Text,Right to Left Text,Case list 2,Column order/alignment/arrow-direction check,Not automatable,Visual layout judgment,
Right to Left Text,Right to Left Text,Case list 3,Column order/alignment/arrow-direction check,Not automatable,Visual layout judgment,
Right to Left Text,Right to Left Text,Case list 4,Column order/alignment/arrow-direction check,Not automatable,Visual layout judgment,
Right to Left Text,Right to Left Text,General,Popup/spinner RTL + counter-clockwise rotation,Not automatable,Visual/animation-direction judgment,
Updates (partial and failed),Updates (partial and failed),Setup,"Stage CCZ update, interrupt with CommCare update mid-stream",Not automatable,Requires precisely timed interleaving of a real CommCare binary update mid-flow,
Updates (partial and failed),Updates (partial and failed),Update 1,Confirm staged update auto-applies,Automatable,,flows/updates_partial_failed/scenario_1_staged_update_auto_apply.yaml
Updates (partial and failed),Updates (partial and failed),Update 2,Updated Form 1 verification,Automatable,,flows/updates_partial_failed/scenario_1_staged_update_auto_apply.yaml
Updates (partial and failed),Updates (partial and failed),Update 3,Unchanged Form 2 verification,Automatable,,flows/updates_partial_failed/scenario_1_staged_update_auto_apply.yaml
Updates (partial and failed),Updates (partial and failed),Setup,Update CommCare while CCZ download in progress,Not automatable,Same timing-critical interleaving,
Updates (partial and failed),Updates (partial and failed),Update 4,Confirm update did not auto-apply,Automatable,,flows/updates_partial_failed/scenario_2_manual_update_after_interrupted_download.yaml
Updates (partial and failed),Updates (partial and failed),Update 5,Manually complete update afterward,Automatable,,flows/updates_partial_failed/scenario_2_manual_update_after_interrupted_download.yaml
Updates (partial and failed),Updates (partial and failed),Update 6,Updated Form 1 verification,Automatable,,flows/updates_partial_failed/scenario_2_manual_update_after_interrupted_download.yaml
Updates (partial and failed),Updates (partial and failed),Update 7,Unchanged Form 2 verification,Automatable,,flows/updates_partial_failed/scenario_2_manual_update_after_interrupted_download.yaml
Updates (partial and failed),Updates (partial and failed),"Update between reverted app versions: 
Setup",Install Version 1 of version-reverted app,Automatable,,flows/updates_partial_failed/scenario_3_reverted_app_versions.yaml
Updates (partial and failed),Updates (partial and failed),Update 8,CommCare update 2.45 -> test version,Automatable,,flows/updates_partial_failed/scenario_3_reverted_app_versions.yaml
Updates (partial and failed),Updates (partial and failed),Update 9,"Mark V2 released, update to it",Partial,HQ API: mark build released,flows/updates_partial_failed/scenario_3_reverted_app_versions.yaml
Updates (partial and failed),Updates (partial and failed),Update 10,"Mark V4 released, update to it",Partial,HQ API: mark build released,flows/updates_partial_failed/scenario_3_reverted_app_versions.yaml
Updates (partial and failed),Updates (partial and failed),Update 11,Form One verification,Automatable,,flows/updates_partial_failed/scenario_3_reverted_app_versions.yaml
Updates (partial and failed),Updates (partial and failed),Update 12,Form Two verification,Automatable,,flows/updates_partial_failed/scenario_3_reverted_app_versions.yaml
Updates (partial and failed),Updates (partial and failed),Setup 1,Master app release page reference,Not automatable,Pure HQ page reference - no device action,
Updates (partial and failed),Updates (partial and failed),Setup 2,Linked app release page reference,Not automatable,Pure HQ page reference - no device action,
Updates (partial and failed),Updates (partial and failed),Installation 1,Install CommCare APK,Automatable,,flows/updates_partial_failed/scenario_4_linked_app_install_and_update.yaml
Updates (partial and failed),Updates (partial and failed),Installation 2,Install linked app V2,Automatable,,flows/updates_partial_failed/scenario_4_linked_app_install_and_update.yaml
Updates (partial and failed),Updates (partial and failed),Update 13,"Mark V6 released on linked app, update",Partial,HQ API: mark build released,flows/updates_partial_failed/scenario_4_linked_app_install_and_update.yaml
Updates (partial and failed),Updates (partial and failed),Update 14,Form A verification (new questions),Automatable,,flows/updates_partial_failed/scenario_4_linked_app_install_and_update.yaml
Updates (partial and failed),Updates (partial and failed),Update 15,Form B verification (unchanged),Automatable,,flows/updates_partial_failed/scenario_4_linked_app_install_and_update.yaml
Updates (partial and failed),Updates (partial and failed),Setup,Install old CommCare 2.45,Partial,"Needs a specific historical APK provisioned externally Covered by run_suite.py --release-tag/--apk (installing a specific historical CommCare binary is harness-level APK selection, not an in-app Maestro action) - not a Maestro flow, nothing to add here.",(handled by scripts/run_suite.py's --release-tag/--apk selection - no dedicated flow needed)
Updates (partial and failed),Updates (partial and failed),Installation 1,Install linked app V2 (Version 18),Automatable,,flows/updates_partial_failed/scenario_5_relogin_autoupdate_verification.yaml
Updates (partial and failed),Updates (partial and failed),Update 16,"Stage update to V6, interrupt with CommCare update mid-flow",Not automatable,Timing-critical interleaved binary update,
Updates (partial and failed),Updates (partial and failed),Update 17,Re-login,Automatable,,flows/updates_partial_failed/scenario_5_relogin_autoupdate_verification.yaml
Updates (partial and failed),Updates (partial and failed),Update verification,Verify auto-update to V6,Automatable,,flows/updates_partial_failed/scenario_5_relogin_autoupdate_verification.yaml
Updates (partial and failed),Updates (partial and failed),Update 18,Form A verification,Automatable,,flows/updates_partial_failed/scenario_5_relogin_autoupdate_verification.yaml
Updates (partial and failed),Updates (partial and failed),Update 19,Form B verification,Automatable,,flows/updates_partial_failed/scenario_5_relogin_autoupdate_verification.yaml
Recovery Measures,Recovery Measures,Setup 1,Download/deploy Test One + login,Partial,HQ API: publish Test One,flows/recovery_measures/update_app_flow.yaml
Recovery Measures,Recovery Measures,Reinstall and update 1,Reinstall and Update App step,Automatable,,flows/recovery_measures/reinstall_update_app_flow.yaml
Recovery Measures,Recovery Measures,Reinstall and update 2,Reinstall and Update App step,Partial,HQ API: mark build released,hq_setup/recovery_measures/reinstall_update_2_mark_test_two.json
Recovery Measures,Recovery Measures,Reinstall and update 3,Reinstall and Update App step,Automatable,,flows/recovery_measures/reinstall_update_03_update_to_test_two.yaml
Recovery Measures,Recovery Measures,Reinstall and update 4,Reinstall and Update App step,Partial,HQ API: mark build released,hq_setup/recovery_measures/reinstall_update_4_mark_test_three.json
Recovery Measures,Recovery Measures,Reinstall and update 5,Reinstall and Update App step,Automatable,,flows/recovery_measures/reinstall_update_app_flow.yaml
Recovery Measures,Recovery Measures,Reinstall and update 6,Reinstall and Update App step,Automatable,,flows/recovery_measures/reinstall_update_app_flow.yaml
Recovery Measures,Recovery Measures,Reinstall and update 7,Reinstall and Update App step,Automatable,,flows/recovery_measures/reinstall_update_07_10_online_install_and_negative.yaml
Recovery Measures,Recovery Measures,Reinstall and update 8,Reinstall and Update App step,Automatable,,flows/recovery_measures/reinstall_update_07_10_online_install_and_negative.yaml
Recovery Measures,Recovery Measures,Reinstall and update 9,Reinstall and Update App step,Automatable,,flows/recovery_measures/reinstall_update_07_10_online_install_and_negative.yaml
Recovery Measures,Recovery Measures,Reinstall and update 10,Reinstall and Update App step,Automatable,,flows/recovery_measures/reinstall_update_07_10_online_install_and_negative.yaml
Recovery Measures,Recovery Measures,Setup 1,Download/deploy + login,Partial,HQ API,flows/recovery_measures/update_app_flow.yaml
Recovery Measures,Recovery Measures,Update 1,Update App step,Automatable,,flows/recovery_measures/update_app_flow.yaml
Recovery Measures,Recovery Measures,Update 2,Update App step,Partial,HQ API: mark build released,flows/recovery_measures/update_app_flow.yaml
Recovery Measures,Recovery Measures,Update 3,Update App step,Automatable,,flows/recovery_measures/update_app_flow.yaml
Recovery Measures,Recovery Measures,Update 4,Update App step,Partial,HQ API: mark build released,flows/recovery_measures/update_app_flow.yaml
Recovery Measures,Recovery Measures,Update 5,Update App step,Automatable,,flows/recovery_measures/update_app_flow.yaml
Recovery Measures,Recovery Measures,Update 6,Update App step,Automatable,,flows/recovery_measures/update_app_flow.yaml
Recovery Measures,Recovery Measures,Setup 1,Download/deploy,Partial,HQ API,flows/recovery_measures/offline_reinstall_update_app_flow.yaml
Recovery Measures,Recovery Measures,Recovery (offline) 1,Offline Reinstall and Update App step,Automatable,,flows/recovery_measures/offline_reinstall_update_app_flow.yaml
Recovery Measures,Recovery Measures,Recovery (offline) 2,Offline Reinstall and Update App step,Partial,HQ API: mark build released,hq_setup/recovery_measures/offline_2_mark_test_two.json
Recovery Measures,Recovery Measures,Recovery (offline) 3,Offline Reinstall and Update App step,Automatable,,flows/recovery_measures/offline_reinstall_update_app_flow.yaml
Recovery Measures,Recovery Measures,Recovery (offline) 4,Offline Reinstall and Update App step,Partial,HQ API: mark build released,hq_setup/recovery_measures/offline_4_mark_test_three.json
Recovery Measures,Recovery Measures,Recovery (offline) 5,"Publish + download CCZ, move to custom device path",Partial,Needs adb push to a custom (non-Downloads) path; BLOCKED: needs adb push of a .ccz to a custom device path first,flows/recovery_measures/offline_05_place_ccz_custom_path.yaml
Recovery Measures,Recovery Measures,Recovery (offline) 6,Trigger 'no CCZ found' + manual file-picker select,Partial,Depends on step 5's pushed file,flows/recovery_measures/offline_06_select_ccz_via_picker.yaml
Recovery Measures,Recovery Measures,Recovery (offline) 7,Offline Reinstall and Update App step,Automatable,,flows/recovery_measures/offline_reinstall_update_app_flow.yaml
Recovery Measures,Recovery Measures,Recovery (offline) 8,Move CCZ into Downloads folder,Partial,adb file relocation; BLOCKED: needs adb file relocation first,flows/recovery_measures/offline_08_move_ccz_to_downloads.yaml
Recovery Measures,Recovery Measures,Recovery (offline) 9,Uninstall/reinstall Test Two + mark Test Three released,Partial,Device reinstall + HQ API,hq_setup/recovery_measures/offline_9_mark_test_three.json + flows/recovery_measures/offline_09_uninstall_reinstall_test_two.yaml
Recovery Measures,Recovery Measures,Recovery (offline) 10,Offline Reinstall and Update App step,Automatable,,flows/recovery_measures/offline_reinstall_update_app_flow.yaml
Recovery Measures,Recovery Measures,Recovery (offline) 11,Offline Reinstall and Update App step,Automatable,,flows/recovery_measures/offline_reinstall_update_app_flow.yaml
Recovery Measures,Recovery Measures,CC Reinstall Needed 1,CC Reinstall Needed step,Partial,"Needs a specific historical APK; BLOCKED: needs a specific historical APK - commcare_2.45.0/.1/.2 tags confirmed to exist, ambiguous which",hq_setup/recovery_measures/cc_reinstall_needed_provisioning.json
Recovery Measures,Recovery Measures,CC Reinstall Needed 2,CC Reinstall Needed step,Partial,HQ API: mark released,hq_setup/recovery_measures/cc_reinstall_needed_2_mark_released.json
Recovery Measures,Recovery Measures,CC Reinstall Needed 3,CC Reinstall Needed step,Automatable,,flows/recovery_measures/cc_reinstall_needed_flow.yaml
Recovery Measures,Recovery Measures,CC Reinstall Needed 4,CC Reinstall Needed step,Automatable,,flows/recovery_measures/cc_reinstall_needed_flow.yaml
Recovery Measures,Recovery Measures,CC Reinstall Needed 5,CC Reinstall Needed step,Automatable,,flows/recovery_measures/cc_reinstall_needed_flow.yaml
Recovery Measures,Recovery Measures,CC Reinstall Needed 1,CC Update Needed step,Partial,Needs historical APK; BLOCKED: needs a specific historical APK,hq_setup/recovery_measures/cc_update_needed_provisioning.json
Recovery Measures,Recovery Measures,CC Reinstall Needed 2,CC Update Needed step,Partial,HQ API: mark released + raise recovery Max Version,hq_setup/recovery_measures/cc_update_needed_2_mark_released.json
Recovery Measures,Recovery Measures,CC Reinstall Needed 3,CC Update Needed step,Automatable,,flows/recovery_measures/cc_update_needed_flow.yaml
Recovery Measures,Recovery Measures,CC Reinstall Needed 4,CC Update Needed step,Automatable,,flows/recovery_measures/cc_update_needed_flow.yaml
Recovery Measures,Recovery Measures,CC Reinstall Needed 5,CC Update Needed step,Automatable,,flows/recovery_measures/cc_update_needed_flow.yaml
Recovery Measures,Recovery Measures,Retry Recovery 1,Delete files under app-private install path,Partial,App-private storage isn't reachable from a standard file manager on modern Android - needs adb shell; BLOCKED: needs adb shell run-as file deletion first,flows/recovery_measures/retry_recovery_01_delete_install_files.yaml
Recovery Measures,Recovery Measures,Retry Recovery 2,"Disable network mid-recovery, verify Retry button",Partial,Needs a scripted network-disable step (BrowserStack network condition) instead of physical airplane mode,flows/recovery_measures/retry_recovery_02_network_toggle_retry.yaml
Recovery Measures,Recovery Measures,CC Reinstall Needed 6,"Install 2.49.4, verify no forced update",Partial,Needs a specific historical APK; BLOCKED: needs commcare_2.49.4 APK,hq_setup/recovery_measures/point_release_provisioning.json
Recovery Measures,Recovery Measures,CC Reinstall Needed 7,"Install 2.49.5, verify forced-update message",Partial,Needs a specific historical APK; BLOCKED: needs commcare_2.49.5 APK,hq_setup/recovery_measures/point_release_provisioning.json
Recovery Measures,Recovery Measures,CC Reinstall Needed 8,"Update to test version, verify unblocked",Automatable,,flows/recovery_measures/point_release_flow.yaml
Recovery Measures,Recovery Measures,Heartbeat Request Improvement 1,Install Test One/Two via HQ + submit form,Partial,HQ API,hq_setup/recovery_measures/heartbeat_1_setup.json + flows/recovery_measures/heartbeat_01_setup_and_submit.yaml
Recovery Measures,Recovery Measures,Heartbeat Request Improvement 2,Mark Test Two released + wait 1 hour + verify heartbeat recovery,Not automatable,Requires a full real-time 1-hour wait - impractical for billed device-farm sessions,
Trigger Device Logs,Trigger device logs,Device Logs 1,Set feature flag + install/login/submit/logout,Partial,"HQ API: superuser feature-flag toggle (one-time env setup, not scripted per-run)","hq_setup/trigger_device_logs/device_logs_1_feature_flag.json (manual one-time flag toggle, see its own _comment); flows/trigger_device_logs/device_logs_1_submit_form.yaml"
Trigger Device Logs,Trigger device logs,Device Logs 2,Django Admin - add domain/username,Not automatable,Django Admin is a raw desktop-browser admin page,
Trigger Device Logs,Trigger device logs,Device Logs 3,Login + sync + wait 10 min for Sumologic ingestion,Not automatable,Open-ended real-time ingestion wait,
Trigger Device Logs,Trigger device logs,Device Logs 4,Query Sumologic + validate log entries,Not automatable,Pure desktop-browser Sumologic query - no device interaction,
Updates,Updates,Rate limit 1,Download rate-limited app + login,Partial,Needs the specific rate-limited test app provisioned,hq_setup/updates_2_49/rate_limit_provisioning.json
Updates,Updates,Rate limit 2,Submit + verify rate-limit popup + close,Automatable,,flows/updates_2_49/rate_limit_02_04_popup_dont_show_toast.yaml
Updates,Updates,Rate limit 3,Submit again + 'Don't show again',Automatable,,flows/updates_2_49/rate_limit_02_04_popup_dont_show_toast.yaml
Updates,Updates,Rate limit 4,Submit again + bottom-toast text,Automatable,,flows/updates_2_49/rate_limit_02_04_popup_dont_show_toast.yaml
Updates,Updates,Rate limit 5,HQ App Preview blocks submission,Not automatable,"Tests CommCareHQ's own browser-based App Preview feature, not the mobile app",
Updates,Updates,Rate limit 6,HQ Web Apps blocks submission,Not automatable,Same - browser-based HQ feature,
Updates,Updates,Auto CC Update 1,Install lower version with Daily auto-update preset,Partial,HQ API: set Auto Updates = Daily,hq_setup/updates_2_49/auto_cc_update_daily_preset.json
Updates,Updates,Auto CC Update 2,"Wait 15 min-8 hrs, verify new version downloaded",Not automatable,Open-ended real-time wait up to 8 hours,
Updates,Updates,Auto CC Update 3,Relogin/sync/verify latest version,Automatable,,flows/updates_2_49/auto_cc_update_03_relogin_sync_latest_version.yaml
Updates,Updates,Setup 1,Confirm Manage Update Options tab visible,Not automatable,Read-only HQ inspection,
Updates,Updates,Setup 2,Set CommCare Version = test+1,Partial,HQ API,hq_setup/updates_2_49/setup_02_commcare_version_plus_one.json
Updates,Updates,Prompted Update Scenario 1,Optional CommCare update prompt,Automatable,,flows/updates_2_49/prompted_update_scenario_01_ill_update_later.yaml
Updates,Updates,Prompted Update Scenario 2,Forced CommCare update blocker,Partial,HQ API: toggle Forced,hq_setup/updates_2_49/prompted_update_scenario_02_forced.json + flows/updates_2_49/prompted_update_scenario_02_forced_commcare_update.yaml
Updates,Updates,Prompted Update Scenario 3,Off setting + wait 5-10 min + verify no prompt,Not automatable,HQ config change + mandatory timed wait,
Updates,Updates,In-App Update 1,Play Store internal-tester update chain,Not automatable,Depends on real Google Play internal-tester/app-sharing infrastructure that cloud device farms don't reliably support,
Updates,Updates,In-App Update 2,Play Store internal-tester update chain,Not automatable,Depends on real Google Play internal-tester/app-sharing infrastructure that cloud device farms don't reliably support,
Updates,Updates,In-App Update 3,Play Store internal-tester update chain,Not automatable,Depends on real Google Play internal-tester/app-sharing infrastructure that cloud device farms don't reliably support,
Updates,Updates,In-App Update 4,Play Store internal-tester update chain,Not automatable,Depends on real Google Play internal-tester/app-sharing infrastructure that cloud device farms don't reliably support,
Updates,Updates,In-App Update 5,Play Store internal-tester update chain,Not automatable,Depends on real Google Play internal-tester/app-sharing infrastructure that cloud device farms don't reliably support,
Updates,Updates,In-App Update 6,Play Store internal-tester update chain,Not automatable,Depends on real Google Play internal-tester/app-sharing infrastructure that cloud device farms don't reliably support,
Updates,Updates,In-App Update 7,Play Store internal-tester update chain,Not automatable,Depends on real Google Play internal-tester/app-sharing infrastructure that cloud device farms don't reliably support,
Updates,Updates,In-App Update 8,Play Store internal-tester update chain,Not automatable,Depends on real Google Play internal-tester/app-sharing infrastructure that cloud device farms don't reliably support,
Updates,Updates,In-App Update 9,Play Store internal-tester update chain,Not automatable,Depends on real Google Play internal-tester/app-sharing infrastructure that cloud device farms don't reliably support,
Updates,Updates,In-App Update 10,Play Store internal-tester update chain,Not automatable,Depends on real Google Play internal-tester/app-sharing infrastructure that cloud device farms don't reliably support,
Session Expiration,Session Expiration,Setup 1,Install Application,Partial,"Needs a valid HQ web-user email/password (See Apps for My User path) to install the non-default ""Session Expiration Test"" app",flows/session_expiration/setup_01_install_application.yaml
Session Expiration,Session Expiration,Setup 2,Restore User,Partial,"Same HQ web-user dependency as Setup 1; on-device assertions (notification text, 45s auto-logout) verified against SessionExpirationTests.kt",flows/session_expiration/setup_02_restore_user_session_expires.yaml
Login,Login,CommCare ODK 1,Login,Partial,Needs a valid HQ web-user email/password (See Apps for My User path) to install the app on a fresh device; on-device login itself is automatable,flows/login/commcare_odk_01_login.yaml
Login,Login,CommCare ODK 2,Check Session,Partial,"Same HQ web-user dependency as ODK 1; only the session-notification banner presence is asserted, not the exact 24h expiration duration (unreadable from a live countdown)",flows/login/commcare_odk_02_check_session.yaml
Login,Login,CommCare ODK 3,Logout,Partial,Same HQ web-user dependency as ODK 1; on-device logout itself is automatable,flows/login/commcare_odk_03_logout.yaml
Support Menus,Support Menus,Menu 1,Report Problem,Partial,"Needs HQ web-user install; share-sheet chooser for where to send the report is OS-level and device-dependent, so only chooser-opens is asserted, not a completed send",flows/support_menus/menu_01_report_problem.yaml
Support Menus,Support Menus,Menu 2,Force Log Submission,Partial,Needs HQ web-user install; assumes the build's logenabled custom property already satisfies the sheet's HQ-side pre-requisite (not verified on-device),flows/support_menus/menu_02_force_log_submission.yaml
Conditional Enum in Case List,Conditional Enum in Case List,Setup 1,Enable Feature Preview,Not automatable,Pure HQ app-builder web UI action (enable the Conditional ID Mapping in Case List Add-on) - no on-device Maestro step,
Conditional Enum in Case List,Conditional Enum in Case List,Setup 2,Verify Feature Preview,Not automatable,Pure HQ app-builder web UI action (check a Display Property Format dropdown) - no on-device Maestro step,
Conditional Enum in Case List,Conditional Enum in Case List,Conditional ID Mapping 1,Create Cases,Partial,"Needs HQ web-user install; Test Two's date-set-to-yesterday step is a best-effort DatePicker swipe, unverified against a live run",flows/conditional_enum_in_case_list/conditional_id_mapping_01_06_full_scenario.yaml
Conditional Enum in Case List,Conditional Enum in Case List,Conditional ID Mapping 2,Update Case 1,Automatable,,flows/conditional_enum_in_case_list/conditional_id_mapping_01_06_full_scenario.yaml
Conditional Enum in Case List,Conditional Enum in Case List,Conditional ID Mapping 3,Update Case 2,Automatable,,flows/conditional_enum_in_case_list/conditional_id_mapping_01_06_full_scenario.yaml
Conditional Enum in Case List,Conditional Enum in Case List,Conditional ID Mapping 4,Update Case 3,Automatable,,flows/conditional_enum_in_case_list/conditional_id_mapping_01_06_full_scenario.yaml
Conditional Enum in Case List,Conditional Enum in Case List,Conditional ID Mapping 5,Update Case 4,Automatable,,flows/conditional_enum_in_case_list/conditional_id_mapping_01_06_full_scenario.yaml
Conditional Enum in Case List,Conditional Enum in Case List,Conditional ID Mapping 6,Update Case 5,Automatable,,flows/conditional_enum_in_case_list/conditional_id_mapping_01_06_full_scenario.yaml
Menu Badges,Menu Badges,Menu Badges 1,Install,Automatable,Handled by run_suite.py APK install + install_app_as_web_user.yaml - no dedicated flow needed,"(handled by ../common/install_app_as_web_user.yaml, APP_NAME: Performance Testing)"
Menu Badges,Menu Badges,Menu Badges 2,Login,Automatable,Handled by the shared login step in menu_badges_03_04_badge_loads.yaml - no dedicated flow needed,flows/menu_badges/menu_badges_03_04_badge_loads.yaml
Menu Badges,Menu Badges,Menu Badges 3,Confirm page with module badges loads immediately,Partial,Needs HQ web-user install (install_app_as_web_user.yaml),flows/menu_badges/menu_badges_03_04_badge_loads.yaml
Menu Badges,Menu Badges,Menu Badges 4,Menu Badge Load,Partial,Same HQ web-user dependency as Menu Badges 3; waits up to 2 minutes for the badge count to populate,flows/menu_badges/menu_badges_03_04_badge_loads.yaml
Menu Badges,Menu Badges,Menu Badges 5,Check badge appearance,Not automatable,Visual-rendering judgment (legible / not cut off / not fuzzy) - outside Maestro structural assertions,
Date Widgets,Date Widgets,Date 1,Install,Automatable,Handled by run_suite.py APK install + install_app_as_web_user.yaml - no dedicated flow needed,"(handled by ../common/install_app_as_web_user.yaml, APP_NAME: Date Widgets)"
Date Widgets,Date Widgets,Date 2,Nepali,Partial,Needs HQ web-user install; exhaustive month-order/calendar cross-reference verification skipped (visual/computational judgment),flows/date_widgets/date_02_nepali.yaml
Date Widgets,Date Widgets,Date 3,Ethiopian,Partial,"Same as Date 2, Ethiopian calendar",flows/date_widgets/date_03_ethiopian.yaml
Date Widgets,Date Widgets,Date 4,Standard 1,Partial,Needs HQ web-user install; on-device navigation is automatable,flows/date_widgets/date_04_05_standard_widget.yaml
Date Widgets,Date Widgets,Date 5,Standard 2,Partial,Same HQ web-user dependency as Date 4; asserts the three-format label is visible rather than an exact moving-target date string,flows/date_widgets/date_04_05_standard_widget.yaml
Other - Error Tests,Other - Error Tests,Setup 1,Install Application,Automatable,Handled by run_suite.py APK install + install_app_as_web_user.yaml - no dedicated flow needed,"(handled by ../common/install_app_as_web_user.yaml, APP_NAME: Other)"
Other - Error Tests,Other - Error Tests,Setup 2,Restore User,Automatable,Handled by the shared login step in xform_error_01_04.yaml/keyboard_navigation.yaml - no dedicated flow needed,flows/other_error_tests/xform_error_01_04.yaml
Other - Error Tests,Other - Error Tests,Keyboard Navigation,Ensure action key function updates,Partial,"IME action-key symbol is rendered by the on-device keyboard app, not asserted; only form paging/completion is automated",flows/other_error_tests/keyboard_navigation.yaml
Other - Error Tests,Other - Error Tests,XForm Error 1,Immediate calculate expression fail,Automatable,,flows/other_error_tests/xform_error_01_04.yaml
Other - Error Tests,Other - Error Tests,XForm Error 2,Delayed calculate expression fail,Automatable,,flows/other_error_tests/xform_error_01_04.yaml
Other - Error Tests,Other - Error Tests,XForm Error 3,Bad relevancy condition fail,Automatable,,flows/other_error_tests/xform_error_01_04.yaml
Other - Error Tests,Other - Error Tests,XForm Error 4,Bad repeat node reference fail,Automatable,,flows/other_error_tests/xform_error_01_04.yaml
Other - Error Tests,Other - Error Tests,Callout Setup 1,Install Breath Counter,Not automatable,"Requires a real Google Play Store install of a third-party app - BrowserStack App Automate installs only the uploaded APK, no Play Store access",
Other - Error Tests,Other - Error Tests,Callout Setup 2,Install SMS Application,Not automatable,Requires a real SMS app already present/installed from the Play Store,
Other - Error Tests,Other - Error Tests,Arbitrary Intent 1,External callout to Breath Counter,Not automatable,Depends on Callout Setup 1 (Not automatable) - the external app it callouts to is never installed,
Other - Error Tests,Other - Error Tests,Arbitrary Intent 2,Expanded callout - Send SMS,Not automatable,Depends on Callout Setup 2 (Not automatable) - no SMS app installed to receive the callout,
Case Filters,Case Filters,Setup 1,Login,Automatable,Handled by the shared login step in fuzzy_search_01_03.yaml - no dedicated flow needed,flows/case_filters/fuzzy_search_01_03.yaml
Case Filters,Case Filters,Fuzzy Search 1,Enable Fuzzy Search,Partial,Needs HQ web-user install; assumes a pre-existing case named Christy per the sheet's own prerequisite note,flows/case_filters/fuzzy_search_01_03.yaml
Case Filters,Case Filters,Fuzzy Search 2,Locate exact match,Partial,Same dependencies as Fuzzy Search 1,flows/case_filters/fuzzy_search_01_03.yaml
Case Filters,Case Filters,Fuzzy Search 3,Locate fuzzy match,Partial,Same dependencies as Fuzzy Search 1,flows/case_filters/fuzzy_search_01_03.yaml
Case Filters,Case Filters,Case Lists 1,Test case details GPS function,Partial,"Show Address launches an OS map-app chooser - device-dependent, same class as Support Menus' Report Problem share sheet",
Case Filters,Case Filters,Case Lists 2,Test case map function,Partial,View on Map launches an OS map app for all geo-tagged cases - device-dependent,
Case Filters,Case Filters,Case Lists 3,Register geoservices case,Partial,Register Case's site_location field is a geopoint widget (GPS capture or manual coordinate entry) - interaction not verified against a live run,
Case Filters,Case Filters,Case Lists 4,Update geoservices case,Partial,Depends on Case Lists 3 having created a case first,
Case Filters,Case Filters,Case Lists 5,Test case details for geoservices,Partial,Includes the same Show Address map-chooser dependency as Case Lists 1,
Case Filters,Case Filters,Case Search & Claim 1,Explore date widget in Case Search & Claim app,Not automatable,Different app ('Case Search and Claim') not present in resources/ and not independently confirmed - not guessed per this session's own rule against unverified app names,
Case Filters,Case Filters,Case Search & Claim 2,Date Widget - Single Date,Not automatable,Same app-verification gap as Case Search & Claim 1,
Case Filters,Case Filters,Case List Search,Case List Barcode Scan Search,Not automatable,Requires generating a QR code on an external website (the-qrcode-generator.com) and scanning it with the device camera,
Case Filters,Case Filters,End Form 1,Verify form navigation,Partial,Part of the Geoservices Register-a-Case sequence (Case Lists 3/4) - same geopoint-widget verification gap as those rows,
Form Submissions,Form Submissions,Question Types 1,"Answer questions across Question Types form (incl. pick/clear/pick on a multiple-choice question), submit",Automatable,,flows/form_submissions/question_types_01_03_answer_and_submit.yaml
Form Submissions,Form Submissions,Question Types 2,"Answer questions across Question Types form (incl. pick/clear/pick on a multiple-choice question), submit",Automatable,,flows/form_submissions/question_types_01_03_answer_and_submit.yaml (same on-device path as Question Types 1 - see that file's header)
Form Submissions,Form Submissions,Question Types 3,"Answer questions across Question Types form (incl. pick/clear/pick on a multiple-choice question), submit",Automatable,,flows/form_submissions/question_types_01_03_answer_and_submit.yaml (same on-device path as Question Types 1 - see that file's header)
Form Submissions,Form Submissions,1MB Form 1,Manually time how long a 1MB form takes to load/submit and log it,Not automatable,Manual performance/timing measurement recorded by a human tester - not a pass/fail UI assertion,
Form Submissions,Form Submissions,1MB Form 2,Manually time how long a 1MB form takes to load/submit and log it,Not automatable,Manual performance/timing measurement recorded by a human tester - not a pass/fail UI assertion,
Form Submissions,Form Submissions,Appearance Attributes,Page through Appearance Attributes form and submit,Partial,"Form has a required image-only choice question (GridWidget) with no stable id/text/coordinate selector - flow verifies the form up to that question, cannot submit past it",flows/form_submissions/appearance_attributes_page_through_and_submit.yaml
Form Submissions,Form Submissions,Groups,Submit Groups form twice with different answers,Automatable,,flows/form_submissions/groups_submit_twice_different_answers.yaml
Form Submissions,Form Submissions,Repeat Groups 1,"Add repeat groups via Add Group/Do Not Add, page through, submit",Partial,Progress-bar color/length change is a visual judgment call Maestro cannot assert - FINISH text and repeat-group add/submit are automated,flows/form_submissions/repeat_groups_01_05_add_and_submit.yaml
Form Submissions,Form Submissions,Repeat Groups 2,"Add repeat groups via Add Group/Do Not Add, page through, submit",Partial,Same progress-bar visual caveat as Repeat Groups 1 - see that file's header,flows/form_submissions/repeat_groups_01_05_add_and_submit.yaml
Form Submissions,Form Submissions,Repeat Groups 3,"Add repeat groups via Add Group/Do Not Add, page through, submit",Partial,Same progress-bar visual caveat as Repeat Groups 1 - see that file's header,flows/form_submissions/repeat_groups_01_05_add_and_submit.yaml
Form Submissions,Form Submissions,Repeat Groups 4,"Add repeat groups via Add Group/Do Not Add, page through, submit",Partial,Same progress-bar visual caveat as Repeat Groups 1 - see that file's header,flows/form_submissions/repeat_groups_01_05_add_and_submit.yaml
Form Submissions,Form Submissions,Repeat Groups 5,"Add repeat groups via Add Group/Do Not Add, page through, submit",Partial,Same progress-bar visual caveat as Repeat Groups 1 - see that file's header,flows/form_submissions/repeat_groups_01_05_add_and_submit.yaml
Form Submissions,Form Submissions,Markdown,Page through Markdown form and submit,Partial,Verifying markdown renders correctly (bold/italics/tables/links) per Confluence page is a visual-rendering judgment call - navigation and submission are automated,flows/form_submissions/markdown_page_through_and_submit.yaml
Form Submissions,Form Submissions,Locations,"Verify default location values appear per question (sheet's own navigation text says Question Types, followed literally)",Partial,Sheet points to the Question Types form (likely copy-paste error) and does not specify expected default values to assert - navigation + sanity check automated only,flows/form_submissions/locations_default_values_via_question_types.yaml
Form Submissions,Form Submissions,Minimize Duplicate,"Create a case, submit Create a Sub Case followup, verify sub case under View Case's Sub Case, update case, verify parent case properties update",Partial,Verifying updated parent case properties requires a case-list/report view not confirmed feasible via Maestro alone - case creation/sub-case/update are automated,flows/form_submissions/minimize_duplicate_create_subcase_update_case.yaml
Form Submissions,Form Submissions,Multiple Submissions,"Submit Basic Form ~10x in a loop, background the app, verify forms sync",Automatable,,flows/form_submissions/multiple_submissions_10x_background_sync.yaml
Form Submissions,Form Submissions,Incomplete Forms 1,"Fill in a portion of a form, back out, save as incomplete, resume from the Incomplete Forms list, verify persisted answers, finish and submit",Automatable,,flows/form_submissions/incomplete_forms_01_03_save_resume_submit.yaml
Form Submissions,Form Submissions,Incomplete Forms 2,"Same save-incomplete/resume/submit scenario as Incomplete Forms 1 (identical on-device mechanics, different sheet framing)",Automatable,,flows/form_submissions/incomplete_forms_01_03_save_resume_submit.yaml
Form Submissions,Form Submissions,Incomplete Forms 3,"Same save-incomplete/resume/submit scenario as Incomplete Forms 1 (identical on-device mechanics, different sheet framing)",Automatable,,flows/form_submissions/incomplete_forms_01_03_save_resume_submit.yaml
Form Submissions,Form Submissions,Incomplete Forms 4,"Save-incomplete/resume/submit scenario, plus verifying the submission via CommCareHQ's Submit History web report",Partial,On-device save-incomplete/resume/submit is automated by the same flow as Incomplete Forms 1-3; verifying via CommCareHQ's Submit History web report is a browser-based HQ action with no on-device equivalent - out of scope for this Maestro (device-only) framework,flows/form_submissions/incomplete_forms_01_03_save_resume_submit.yaml
Form Submissions,Form Submissions,Incomplete Forms 5,"Save-incomplete/resume/submit scenario, plus verifying a form summary text and timestamp appear below the entry in the Incomplete Forms list",Automatable,,flows/form_submissions/incomplete_forms_05_06_list_summary_and_timestamp.yaml
Form Submissions,Form Submissions,Incomplete Forms 6,"Same list-summary/timestamp verification scenario as Incomplete Forms 5 (identical on-device mechanics, different sheet framing)",Automatable,,flows/form_submissions/incomplete_forms_05_06_list_summary_and_timestamp.yaml
Form Submissions,Form Submissions,Case Name Size 1,"Basic Tests app -> Case Tests -> register a case with a name over 255 characters, attempt to submit, confirm the app's length-warning error",Automatable,,flows/form_submissions/case_name_size_01_02_length_warning_and_not_saved.yaml
Form Submissions,Form Submissions,Case Name Size 2,Confirm the oversized-name submission from Case Name Size 1 does NOT appear under Saved Forms,Automatable,,flows/form_submissions/case_name_size_01_02_length_warning_and_not_saved.yaml
Form Submissions,Form Submissions,Unsent Form 1,"Go offline, submit a form so it stays unsent, then move the device's system date forward 5 days and verify behavior",Not automatable,"Requires changing the device's system date/time; Maestro has no built-in command for setting device date (confirmed against Maestro's own documented command list - launchApp/tapOn/inputText/assertVisible/back/swipe/scroll/pressKey/setLocation/travel/addMedia/etc, no date-setting primitive) - genuinely needs external device-settings manipulation this harness cannot perform",
Form Submissions,Form Submissions,Unsent Form 2,Same device-date-manipulation scenario as Unsent Form 1,Not automatable,"Requires changing the device's system date/time; Maestro has no built-in command for setting device date - same reason as Unsent Form 1, no Maestro primitive exists for this",
Form Submissions,Form Submissions,Clean Form Submission 1,"Log into CommCareHQ web UI to view/edit form metadata and ""clean"" a submission",Not automatable,Entirely a CommCareHQ web-UI admin workflow (browser-based form metadata editing) with zero on-device component - out of scope for this Maestro mobile-UI framework,
Form Submissions,Form Submissions,Clean Form Submission 2,"Same HQ web-UI ""clean submission"" scenario as Clean Form Submission 1",Not automatable,Entirely a CommCareHQ web-UI admin workflow with zero on-device component - out of scope for this Maestro mobile-UI framework,
Form Submissions,Form Submissions,Clean Form Submission 3,"Same HQ web-UI ""clean submission"" scenario as Clean Form Submission 1",Not automatable,Entirely a CommCareHQ web-UI admin workflow with zero on-device component - out of scope for this Maestro mobile-UI framework,
Form Submissions,Form Submissions,Save-to-case-1,Register a case,Automatable,,flows/form_submissions/save_to_case_01_03_register_update_case_list.yaml
Form Submissions,Form Submissions,Save-to-case-2,Update a case,Automatable,,flows/form_submissions/save_to_case_01_03_register_update_case_list.yaml
Form Submissions,Form Submissions,Save-to-case-3,Verify case list report,Automatable,No SaveToCaseTest.kt exists in commcare-android instrumentation tests; module m1's only on-device case-list surface is the case-select screen shown by 'Save to case update' (m1_case_short detail) - asserted here rather than an HQ web report,flows/form_submissions/save_to_case_01_03_register_update_case_list.yaml
Form Submissions,Form Submissions,upload_test_1,File upload with specific extensions,Partial,"Only the 7 image/* sub-questions are automated (addMedia + pick_first_gallery_image.yaml using the repo's one committed image fixture, sample_image.png - not literally matching the heic/bmp/wbmp/jpg/JPG/webp/jpeg extensions named in the labels); the 7 audio/* sub-questions (Choose Sound uses a generic ACTION_GET_CONTENT file browser, not the Photo Picker pick_first_gallery_image.yaml targets, and no audio fixture is committed) and 9 video/* sub-questions (same Photo Picker mechanism as images but no video fixture is committed - same gap as coverage_matrix's Filesize 1/Filesize Warning 2 needing oversized_test_video.mp4) are left blank",flows/form_submissions/upload_test_01_specific_file_extensions.yaml
Form Submissions,Form Submissions,upload_test_2,Validate files in HQ,Not automatable,Requires logging into CommCareHQ's web Submit History report to confirm uploaded files appear - device-only Maestro harness cannot reach HQ web reports,
Form Submissions,Form Submissions,Geoservice 1,Default Map Tileset,Not automatable,"Requires editing HQ app-builder Advanced Settings (Default Map Tileset dropdown) and republishing/reinstalling the app 3 times, once per tileset value - an HQ-app-builder-driven rebuild loop, not achievable against a static installed app",
Form Submissions,Form Submissions,Geoservice 2,Auto Capture Location,Partial,"On-device half (submit any form so a location gets captured) is automated; verification via Submit History > View Form > Raw XML is an HQ web report, out of scope for this device-only harness",flows/form_submissions/geoservice_02_auto_capture_location_submit.yaml
Form Submissions,Form Submissions,Secure Flag,Support for Secure Flag,Not automatable,"Requires enabling an HQ feature flag + setting the custom app-builder property ""cc-enable-android-window-secure-flag"" (Advanced Settings > Custom Properties) + republishing the app (confirmed via commcare-android's CommCareActivity.java:143-145 + HiddenPreferences.java:619-621, which read this exact HQ-published property - no on-device toggle exists; also confirmed absent from every CCZ in resources/), THEN visually confirming the Android recent-apps switcher thumbnail is blank - no Maestro primitive exists for inspecting an OS recent-apps thumbnail.",
Form Submissions,Form Submissions,Certificate Transparency 1,Certificate Transparency during Interception cannot get synced with server and submit the forms,Not automatable,Requires a laptop-side HTTP Toolkit proxy paired to the device via a live QR-code scan to intercept device traffic - entirely external tooling with no Maestro/BrowserStack equivalent.,
Form Submissions,Form Submissions,Certificate Transparency 2,Certificate Transparency during no Interception application get synced with server and submit the forms,Not automatable,Continuation of Certificate Transparency 1 (Not automatable) - same laptop-side HTTP Toolkit dependency.,
Form Submissions,Form Submissions,Audio Recording 1,"Android 7+: CommCare should show ""Unable to start recording while another application is recording"" when another app is already recording",Not automatable,Requires a SECOND real Android voice-recording app running concurrently plus human/system judgment on recording interplay (behavior varies by Android version per the sheet's own OS-version split) - no stable Maestro primitive coordinates two apps' audio-hardware contention deterministically across BrowserStack's device fleet.,
Form Submissions,Form Submissions,Audio Recording 2,Android 7+: another app recording while CommCare is actively recording should pause CommCare's recording with a user notification,Not automatable,Same second-app audio-hardware-contention dependency as Audio Recording 1.,
Form Submissions,Form Submissions,Audio Recording 3,Android 6 and earlier: CommCare should reject recording while another app is already recording,Not automatable,Same second-app audio-hardware-contention dependency as Audio Recording 1.,
Form Submissions,Form Submissions,Audio Recording 4,Android 6 and earlier: device should reject another app's recording while CommCare is actively recording,Not automatable,Same second-app audio-hardware-contention dependency as Audio Recording 1.,
Form Submissions,Form Submissions,Casesearch Checkbox 1,Add Genre for Case search as checkbox multiple selection,Not automatable,Entirely an HQ app-builder configuration workflow (adding a case-search property + configuring checkbox format against a lookup table under Case List settings) - zero on-device component.,
Form Submissions,Form Submissions,Casesearch Checkbox 2,Case Search with checkbox support selection for Genre,Not automatable,"On-device half (open the case-search-configured app's 'Songs' module > Search All > select a Genre checkbox filter > verify matching case) would be automatable IF that app existed as a pre-built CCZ in resources/ - checked resources/ (Case Managements!, Conditional Enum in Case List, Advanced Settings, cache and index configuration, Date Widgets, Graphing, Large App, Mobile Updates, Multimedia, Other, Performance Testing, Right to Left Tests, Session Expiration Test, Update Test Alternate, rate-limited, External App Fixture Test, [Master] Basic Tests) - none configured with case-search checkboxes/a 'Songs' module, so this app is not present; same 'app not present in resources/, not guessed' precedent as Case Filters' Case Search & Claim 1/2 rows.",
Form Submissions,Form Submissions,Graceful Session Pause,Verify form retains all information when the app is force-stopped and relaunched,Partial,"Pre-requisite HQ custom app property ""cc-auto-form-save-on-pause"" (confirmed real: commcare-android MainConfigurablePreferences.java:38 AUTO_SAVE_FORM_ON_PAUSE, used in FormEntryActivity.java + main_preferences.xml) is unconfirmed on any app available to this repo - scanned every CCZ in resources/ via profile.ccpr's <property> list and found none with this key set, and no hq_setup/ file or existing flow references it; guessing which live HQ app has it enabled would violate this repo's no-guessing convention (same as Case Filters' Case Search & Claim rows). The on-device half itself (start a form, force-stop, relogin, verify resumed at the same form) is technically feasible - Maestro's killApp command is a genuine OS-level process-kill on Android (""equivalent to running adb shell am kill {package}"", not mere backgrounding) - but with no confirmed app to run it against, no flow is implemented.",
Form Submissions,Form Submissions,Clear user Data - session not logged in,Verify the Clear User Data preference is hidden in App Manager when the user session is not logged in,Automatable,,flows/form_submissions/clear_user_data_before_after_login.yaml
Form Submissions,Form Submissions,Clear user Data - session logged in,Verify the Clear User Data preference is displayed and clickable in App Manager once the user session is logged in,Automatable,"Verified via the home screen's own ""Advanced"" screen (same underlying ""clear-user-data"" preference/""Clear User Data"" text as AppManagerActivity's Advanced screen) rather than literally re-entering AppManagerActivity post-login - confirmed via commcare-android source that no on-screen path back into AppManagerActivity exists once already logged in (LoginActivity finishes itself on success; StandardHomeActivity/RootMenuHomeActivity menus have no App Manager entry) - see flow file header for full citation.",flows/form_submissions/clear_user_data_before_after_login.yaml
Form Submissions,Form Submissions,Active users login,Verify active web users and mobile workers can log in on HQ apps,Not automatable,Needs a pre-provisioned HQ mobile-worker/web-user account explicitly in an ACTIVE state; this repo's only established test credentials are CC_TEST_USERNAME/CC_TEST2_USERNAME (test1/test2 per .env.example) with no active/inactive/deactivated distinction - consistent with this repo's precedent of marking rows Not automatable when they depend on undiscoverable/unprovisioned live HQ account state (e.g. Recovery Measures' Heartbeat Request Improvement 2 needing a live real-time wait).,
Form Submissions,Form Submissions,Inactive users login,Verify deactivated web users/mobile workers cannot log in on HQ apps,Not automatable,Needs a pre-provisioned HQ account explicitly in an INACTIVE/deactivated state - not available in this repo's test credentials; same gap as Active users login.,
Form Submissions,Form Submissions,Deactivated user login,Verify login/sync behavior across deactivate - reactivate - deactivate-again account-state transitions,Not automatable,Needs live HQ account-state transitions (deactivate/reactivate/deactivate again) performed on a pre-provisioned account - no such account or HQ-side automation exists in this repo; same live-HQ-state gap as Active users login/Inactive users login.,
